KeyArea,KPI,Year,Period,Dimension,MetricValue
Sales Performance,Sales Trend - By Subcategory,2012,11,Helmets,7448.825880
Sales Performance,Sales Trend - By Subcategory,2012,12,Handlebars,14312.218000
Sales Performance,Sales Trend - By Subcategory,2014,1,Handlebars,16878.182264
Sales Performance,Sales Trend - By Subcategory,2013,3,Shorts,8674.554000
Sales Performance,Sales Trend - By Subcategory,2013,6,Headsets,4040.022000
Sales Performance,Sales Trend - By Subcategory,2014,3,Chains,752.928000
Sales Performance,Sales Trend - By Subcategory,2012,12,Tights,27091.412330
Sales Performance,Sales Trend - By Subcategory,2013,1,Mountain Bikes,1144878.468044
Sales Performance,Sales Trend - By Subcategory,2013,4,Tights,17573.036616
Sales Performance,Sales Trend - By Subcategory,2014,1,Tights,341.204500
Sales Performance,Sales Trend - By Subcategory,2013,4,Gloves,12723.009300
Sales Performance,Sales Trend - By Subcategory,2013,5,Road Bikes,1000859.119025
Sales Performance,Sales Trend - By Subcategory,2014,6,Bike Racks,12582.288000
Sales Performance,Sales Trend - By Subcategory,2013,11,Chains,485.760000
Sales Performance,Sales Trend - By Subcategory,2014,7,Hydration Packs,6191.874000
Sales Performance,Sales Trend - By Subcategory,2014,1,Cranksets,36294.954000
Sales Performance,Sales Trend - By Subcategory,2014,9,Road Bikes,2148706.220293
Sales Performance,Sales Trend - By Subcategory,2013,3,Caps,1158.497936
Sales Performance,Sales Trend - By Subcategory,2013,11,Bottom Brackets,3385.428000
Sales Performance,Sales Trend - By Subcategory,2012,12,Jerseys,19926.250470
Sales Performance,Sales Trend - By Subcategory,2013,8,Road Frames,128223.379500
Sales Performance,Sales Trend - By Subcategory,2014,2,Bottles and Cages,4525.439508
Sales Performance,Sales Trend - By Subcategory,2014,6,Saddles,1716.024000
Sales Performance,Sales Trend - By Subcategory,2013,6,Mountain Bikes,1004535.087152
Sales Performance,Sales Trend - By Subcategory,2013,8,Wheels,45116.976000
Sales Performance,Sales Trend - By Subcategory,2014,3,Mountain Bikes,1244716.835625
Sales Performance,Sales Trend - By Subcategory,2013,4,Handlebars,5846.117500
Sales Performance,Sales Trend - By Subcategory,2014,9,Derailleurs,10300.164000
Sales Performance,Sales Trend - By Subcategory,2012,8,Caps,248.952000
Sales Performance,Sales Trend - By Subcategory,2013,11,Touring Frames,151825.975475
Sales Performance,Sales Trend - By Subcategory,2014,2,Hydration Packs,8536.955544
Sales Performance,Sales Trend - By Subcategory,2013,1,Bib-Shorts,23143.997159
Sales Performance,Sales Trend - By Subcategory,2014,6,Bike Stands,2703.000000
Sales Performance,Sales Trend - By Subcategory,2014,12,Caps,836.070000
Sales Performance,Sales Trend - By Subcategory,2013,9,Jerseys,12530.343760
Sales Performance,Sales Trend - By Subcategory,2014,5,Touring Bikes,902005.314408
Sales Performance,Sales Trend - By Subcategory,2014,5,Road Frames,23105.532000
Sales Performance,Sales Trend - By Subcategory,2014,12,Shorts,4129.410000
Sales Performance,Sales Trend - By Subcategory,2013,3,Locks,1620.000000
Sales Performance,Sales Trend - By Subcategory,2014,11,Pedals,13728.305876
Sales Performance,Sales Trend - By Subcategory,2014,12,Tires and Tubes,13692.270000
Sales Performance,Sales Trend - By Subcategory,2014,7,Mountain Frames,115170.708000
Sales Performance,Sales Trend - By Subcategory,2011,11,Caps,207.460000
Sales Performance,Sales Trend - By Subcategory,2013,11,Gloves,5737.044543
Sales Performance,Sales Trend - By Subcategory,2014,10,Bib-Shorts,233.974000
Sales Performance,Sales Trend - By Subcategory,2014,1,Touring Frames,275512.525978
Sales Performance,Sales Trend - By Subcategory,2012,1,Mountain Frames,71435.077600
Sales Performance,Sales Trend - By Subcategory,2012,4,Helmets,9758.571108
Sales Performance,Sales Trend - By Subcategory,2014,6,Jerseys,34891.735076
Sales Performance,Sales Trend - By Subcategory,2014,7,Bottles and Cages,5729.746000
Sales Performance,Sales Trend - By Subcategory,2013,10,Helmets,8348.681485
Sales Performance,Sales Trend - By Subcategory,2014,7,Helmets,25318.764000
Sales Performance,Sales Trend - By Subcategory,2012,2,Mountain Bikes,1176243.377476
Sales Performance,Sales Trend - By Subcategory,2012,1,Road Bikes,827108.327180
Sales Performance,Sales Trend - By Subcategory,2012,9,Road Frames,71325.650900
Sales Performance,Sales Trend - By Subcategory,2013,10,Mountain Frames,154048.240200
Sales Performance,Sales Trend - By Subcategory,2014,5,Brakes,1661.400000
Sales Performance,Sales Trend - By Subcategory,2013,12,Road Bikes,1458572.098268
Sales Performance,Sales Trend - By Subcategory,2014,6,Cleaners,1262.460000
Sales Performance,Sales Trend - By Subcategory,2014,2,Vests,17854.301350
Sales Performance,Sales Trend - By Subcategory,2013,11,Cranksets,16060.804424
Sales Performance,Sales Trend - By Subcategory,2014,2,Road Bikes,1031456.984360
Sales Performance,Sales Trend - By Subcategory,2013,10,Locks,1370.520000
Sales Performance,Sales Trend - By Subcategory,2014,8,Socks,341.620000
Sales Performance,Sales Trend - By Subcategory,2014,11,Jerseys,52521.528227
Sales Performance,Sales Trend - By Subcategory,2014,12,Helmets,9167.380000
Sales Performance,Sales Trend - By Subcategory,2012,6,Road Bikes,816421.020840
Sales Performance,Sales Trend - By Subcategory,2014,10,Fenders,4769.660000
Sales Performance,Sales Trend - By Subcategory,2012,4,Road Frames,118089.820600
Sales Performance,Sales Trend - By Subcategory,2013,3,Helmets,9594.925228
Sales Performance,Sales Trend - By Subcategory,2014,1,Bike Racks,29802.300000
Sales Performance,Sales Trend - By Subcategory,2014,10,Mountain Bikes,745380.460000
Sales Performance,Sales Trend - By Subcategory,2014,3,Gloves,7552.245792
Sales Performance,Sales Trend - By Subcategory,2013,11,Handlebars,10186.782000
Sales Performance,Sales Trend - By Subcategory,2013,2,Jerseys,9515.772580
Sales Performance,Sales Trend - By Subcategory,2014,5,Tires and Tubes,20956.060000
Sales Performance,Sales Trend - By Subcategory,2013,8,Caps,754.224108
Sales Performance,Sales Trend - By Subcategory,2014,5,Caps,2429.284992
Sales Performance,Sales Trend - By Subcategory,2012,8,Road Bikes,892185.750080
Sales Performance,Sales Trend - By Subcategory,2012,8,Mountain Frames,26304.695500
Sales Performance,Sales Trend - By Subcategory,2013,5,Locks,720.000000
Sales Performance,Sales Trend - By Subcategory,2014,3,Socks,2438.962727
Sales Performance,Sales Trend - By Subcategory,2012,10,Caps,591.261000
Sales Performance,Sales Trend - By Subcategory,2014,1,Saddles,9565.824000
Sales Performance,Sales Trend - By Subcategory,2011,12,Mountain Bikes,94874.720000
Sales Performance,Sales Trend - By Subcategory,2012,9,Mountain Bikes,1336661.253792
Sales Performance,Sales Trend - By Subcategory,2013,3,Wheels,71073.444000
Sales Performance,Sales Trend - By Subcategory,2012,12,Gloves,19545.408113
Sales Performance,Sales Trend - By Subcategory,2013,2,Forks,4096.452000
Sales Performance,Sales Trend - By Subcategory,2014,5,Fenders,4220.160000
Sales Performance,Sales Trend - By Subcategory,2011,11,Road Bikes,220044.868900
Sales Performance,Sales Trend - By Subcategory,2013,8,Helmets,7613.904016
Sales Performance,Sales Trend - By Subcategory,2014,4,Derailleurs,8291.808000
Sales Performance,Sales Trend - By Subcategory,2013,3,Bib-Shorts,11338.740000
Sales Performance,Sales Trend - By Subcategory,2014,1,Bike Stands,3021.000000
Sales Performance,Sales Trend - By Subcategory,2013,6,Handlebars,2267.647500
Sales Performance,Sales Trend - By Subcategory,2014,9,Pedals,23910.638592
Sales Performance,Sales Trend - By Subcategory,2012,10,Jerseys,5941.122400
Sales Performance,Sales Trend - By Subcategory,2013,7,Jerseys,5906.185860
Sales Performance,Sales Trend - By Subcategory,2013,12,Fenders,1099.000000
Sales Performance,Sales Trend - By Subcategory,2014,4,Jerseys,47761.259153
Sales Performance,Sales Trend - By Subcategory,2014,9,Bottles and Cages,6912.593884
Sales Performance,Sales Trend - By Subcategory,2014,10,Tires and Tubes,22315.910000
Sales Performance,Sales Trend - By Subcategory,2013,10,Road Frames,142199.849128
Sales Performance,Sales Trend - By Subcategory,2014,7,Road Frames,24665.154000
Sales Performance,Sales Trend - By Subcategory,2014,5,Helmets,26270.492000
Sales Performance,Sales Trend - By Subcategory,2014,3,Touring Frames,154334.639328
Sales Performance,Sales Trend - By Subcategory,2013,11,Bike Racks,14905.272000
Sales Performance,Sales Trend - By Subcategory,2014,5,Chains,291.456000
Sales Performance,Sales Trend - By Subcategory,2012,2,Road Frames,60817.121600
Sales Performance,Sales Trend - By Subcategory,2012,6,Socks,256.500000
Sales Performance,Sales Trend - By Subcategory,2013,7,Forks,4130.820000
Sales Performance,Sales Trend - By Subcategory,2013,8,Headsets,2841.042000
Sales Performance,Sales Trend - By Subcategory,2013,10,Road Bikes,1183349.016042
Sales Performance,Sales Trend - By Subcategory,2014,3,Cranksets,13955.850000
Sales Performance,Sales Trend - By Subcategory,2014,8,Bike Racks,3240.000000
Sales Performance,Sales Trend - By Subcategory,2014,10,Gloves,3797.578000
Sales Performance,Sales Trend - By Subcategory,2013,12,Mountain Frames,305923.499332
Sales Performance,Sales Trend - By Subcategory,2014,1,Cleaners,1830.316575
Sales Performance,Sales Trend - By Subcategory,2014,9,Mountain Frames,343024.626000
Sales Performance,Sales Trend - By Subcategory,2013,10,Wheels,54713.357595
Sales Performance,Sales Trend - By Subcategory,2014,7,Road Bikes,1161599.450255
Sales Performance,Sales Trend - By Subcategory,2013,10,Caps,926.121888
Sales Performance,Sales Trend - By Subcategory,2013,3,Road Frames,201760.197300
Sales Performance,Sales Trend - By Subcategory,2013,5,Pumps,635.682000
Sales Performance,Sales Trend - By Subcategory,2013,11,Mountain Bikes,862787.977224
Sales Performance,Sales Trend - By Subcategory,2014,8,Mountain Bikes,519976.080000
Sales Performance,Sales Trend - By Subcategory,2014,11,Derailleurs,8616.660824
Sales Performance,Sales Trend - By Subcategory,2014,10,Socks,449.500000
Sales Performance,Sales Trend - By Subcategory,2014,3,Tires and Tubes,18561.388000
Sales Performance,Sales Trend - By Subcategory,2014,7,Touring Bikes,1473593.303268
Sales Performance,Sales Trend - By Subcategory,2014,7,Caps,2727.677476
Sales Performance,Sales Trend - By Subcategory,2014,12,Fenders,2263.940000
Sales Performance,Sales Trend - By Subcategory,2013,1,Helmets,11488.590375
Sales Performance,Sales Trend - By Subcategory,2013,2,Gloves,10190.096583
Sales Performance,Sales Trend - By Subcategory,2013,10,Shorts,6802.866000
Sales Performance,Sales Trend - By Subcategory,2013,12,Bottles and Cages,2726.857600
Sales Performance,Sales Trend - By Subcategory,2014,5,Gloves,5080.509276
Sales Performance,Sales Trend - By Subcategory,2014,7,Shorts,24469.679832
Sales Performance,Sales Trend - By Subcategory,2013,11,Bike Stands,159.000000
Sales Performance,Sales Trend - By Subcategory,2014,8,Bike Stands,2703.000000
Sales Performance,Sales Trend - By Subcategory,2012,6,Helmets,585.408500
Sales Performance,Sales Trend - By Subcategory,2014,2,Mountain Frames,118989.873072
Sales Performance,Sales Trend - By Subcategory,2013,1,Headsets,8216.281871
Sales Performance,Sales Trend - By Subcategory,2013,11,Cleaners,1016.991030
Sales Performance,Sales Trend - By Subcategory,2014,3,Handlebars,6486.588000
Sales Performance,Sales Trend - By Subcategory,2012,4,Mountain Bikes,2303616.168852
Sales Performance,Sales Trend - By Subcategory,2013,9,Tights,19467.778950
Sales Performance,Sales Trend - By Subcategory,2013,9,Gloves,16829.597150
Sales Performance,Sales Trend - By Subcategory,2013,3,Road Bikes,1778010.989024
Sales Performance,Sales Trend - By Subcategory,2014,3,Brakes,6390.000000
Sales Performance,Sales Trend - By Subcategory,2013,5,Mountain Frames,44023.274600
Sales Performance,Sales Trend - By Subcategory,2013,8,Bib-Shorts,11361.453476
Sales Performance,Sales Trend - By Subcategory,2014,8,Cleaners,413.400000
Sales Performance,Sales Trend - By Subcategory,2014,9,Hydration Packs,13078.799604
Sales Performance,Sales Trend - By Subcategory,2014,4,Pedals,14060.976000
Sales Performance,Sales Trend - By Subcategory,2012,12,Headsets,8814.591450
Sales Performance,Sales Trend - By Subcategory,2013,5,Shorts,3563.406000
Sales Performance,Sales Trend - By Subcategory,2014,7,Vests,16415.670750
Sales Performance,Sales Trend - By Subcategory,2014,3,Bottom Brackets,3118.140000
Sales Performance,Sales Trend - By Subcategory,2013,1,Tights,20751.420275
Sales Performance,Sales Trend - By Subcategory,2012,12,Pumps,2066.750108
Sales Performance,Sales Trend - By Subcategory,2013,1,Gloves,17353.062453
Sales Performance,Sales Trend - By Subcategory,2014,5,Touring Frames,45338.772000
Sales Performance,Sales Trend - By Subcategory,2011,11,Helmets,1695.666000
Sales Performance,Sales Trend - By Subcategory,2012,8,Helmets,1776.412000
Sales Performance,Sales Trend - By Subcategory,2014,9,Caps,4219.747776
Sales Performance,Sales Trend - By Subcategory,2013,9,Pumps,1499.250000
Sales Performance,Sales Trend - By Subcategory,2014,12,Socks,224.750000
Sales Performance,Sales Trend - By Subcategory,2013,11,Wheels,528.448800
Sales Performance,Sales Trend - By Subcategory,2014,4,Hydration Packs,9207.613584
Sales Performance,Sales Trend - By Subcategory,2014,11,Mountain Frames,220929.060000
Sales Performance,Sales Trend - By Subcategory,2013,10,Forks,8525.646000
Sales Performance,Sales Trend - By Subcategory,2014,3,Bike Racks,22828.512000
Sales Performance,Sales Trend - By Subcategory,2013,2,Road Bikes,1165422.128690
Sales Performance,Sales Trend - By Subcategory,2014,4,Cranksets,19722.792000
Sales Performance,Sales Trend - By Subcategory,2014,6,Road Bikes,1284311.558400
Sales Performance,Sales Trend - By Subcategory,2013,3,Mountain Bikes,1117157.433884
Sales Performance,Sales Trend - By Subcategory,2013,11,Road Frames,210125.366453
Sales Performance,Sales Trend - By Subcategory,2014,4,Cleaners,1612.756080
Sales Performance,Sales Trend - By Subcategory,2014,5,Bottom Brackets,1749.456000
Sales Performance,Sales Trend - By Subcategory,2014,3,Saddles,4250.052000
Sales Performance,Sales Trend - By Subcategory,2014,11,Vests,23640.707100
Sales Performance,Sales Trend - By Subcategory,2013,12,Caps,2611.339684
Sales Performance,Sales Trend - By Subcategory,2013,12,Bike Stands,795.000000
Sales Performance,Sales Trend - By Subcategory,2014,9,Bike Stands,4929.000000
Sales Performance,Sales Trend - By Subcategory,2012,11,Headsets,2550.907632
Sales Performance,Sales Trend - By Subcategory,2014,11,Hydration Packs,10993.089393
Sales Performance,Sales Trend - By Subcategory,2014,2,Touring Bikes,808936.532994
Sales Performance,Sales Trend - By Subcategory,2014,8,Road Frames,2390.930800
Sales Performance,Sales Trend - By Subcategory,2013,11,Pedals,12733.475308
Sales Performance,Sales Trend - By Subcategory,2014,11,Bottles and Cages,6564.597776
Sales Performance,Sales Trend - By Subcategory,2013,11,Socks,1393.556082
Sales Performance,Sales Trend - By Subcategory,2012,10,Road Bikes,1078663.628132
Sales Performance,Sales Trend - By Subcategory,2014,4,Handlebars,9196.104000
Sales Performance,Sales Trend - By Subcategory,2012,11,Caps,1081.614622
Sales Performance,Sales Trend - By Subcategory,2013,12,Shorts,33721.706925
Sales Performance,Sales Trend - By Subcategory,2014,9,Shorts,49009.573632
Sales Performance,Sales Trend - By Subcategory,2012,1,Helmets,3593.197000
Sales Performance,Sales Trend - By Subcategory,2014,9,Cleaners,2349.562875
Sales Performance,Sales Trend - By Subcategory,2014,11,Handlebars,8655.006000
Sales Performance,Sales Trend - By Subcategory,2013,7,Helmets,3923.609436
Sales Performance,Sales Trend - By Subcategory,2013,8,Tights,14047.546744
Sales Performance,Sales Trend - By Subcategory,2012,11,Mountain Bikes,868578.569924
Sales Performance,Sales Trend - By Subcategory,2013,3,Forks,9529.674000
Sales Performance,Sales Trend - By Subcategory,2013,12,Cleaners,1705.566765
Sales Performance,Sales Trend - By Subcategory,2014,4,Helmets,30733.991350
Sales Performance,Sales Trend - By Subcategory,2012,6,Road Frames,12323.010000
Sales Performance,Sales Trend - By Subcategory,2012,11,Gloves,14271.987906
Sales Performance,Sales Trend - By Subcategory,2013,8,Gloves,11105.353199
Sales Performance,Sales Trend - By Subcategory,2013,10,Bib-Shorts,14833.123692
Sales Performance,Sales Trend - By Subcategory,2012,10,Mountain Frames,94630.499400
Sales Performance,Sales Trend - By Subcategory,2013,2,Handlebars,5150.552412
Sales Performance,Sales Trend - By Subcategory,2013,7,Mountain Frames,83686.316100
Sales Performance,Sales Trend - By Subcategory,2014,2,Brakes,3131.100000
Sales Performance,Sales Trend - By Subcategory,2014,4,Mountain Frames,221830.445828
Sales Performance,Sales Trend - By Subcategory,2014,11,Cranksets,20937.762000
Sales Performance,Sales Trend - By Subcategory,2012,6,Caps,129.662500
Sales Performance,Sales Trend - By Subcategory,2013,9,Road Bikes,1800833.271767
Sales Performance,Sales Trend - By Subcategory,2012,2,Socks,1003.309250
Sales Performance,Sales Trend - By Subcategory,2012,3,Road Bikes,414049.105800
Sales Performance,Sales Trend - By Subcategory,2014,2,Bike Stands,3180.000000
Sales Performance,Sales Trend - By Subcategory,2013,5,Caps,440.852500
Sales Performance,Sales Trend - By Subcategory,2013,12,Helmets,21801.695164
Sales Performance,Sales Trend - By Subcategory,2012,2,Jerseys,7008.217200
Sales Performance,Sales Trend - By Subcategory,2013,7,Locks,750.000000
Sales Performance,Sales Trend - By Subcategory,2013,11,Jerseys,38180.129845
Sales Performance,Sales Trend - By Subcategory,2014,5,Socks,1104.061900
Sales Performance,Sales Trend - By Subcategory,2014,6,Gloves,4834.326000
Sales Performance,Sales Trend - By Subcategory,2014,8,Jerseys,13345.420000
Sales Performance,Sales Trend - By Subcategory,2014,10,Bike Racks,5400.000000
Sales Performance,Sales Trend - By Subcategory,2014,2,Caps,2450.507685
Sales Performance,Sales Trend - By Subcategory,2014,7,Fenders,3582.740000
Sales Performance,Sales Trend - By Subcategory,2014,9,Helmets,43928.251484
Sales Performance,Sales Trend - By Subcategory,2013,9,Headsets,5248.123632
Sales Performance,Sales Trend - By Subcategory,2014,2,Shorts,23835.990372
Sales Performance,Sales Trend - By Subcategory,2014,4,Bottles and Cages,5038.953192
Sales Performance,Sales Trend - By Subcategory,2014,2,Tires and Tubes,19950.402000
Sales Performance,Sales Trend - By Subcategory,2014,6,Chains,473.616000
Sales Performance,Sales Trend - By Subcategory,2014,11,Road Bikes,1321269.145418
Sales Performance,Sales Trend - By Subcategory,2013,10,Mountain Bikes,902992.519500
Sales Performance,Sales Trend - By Subcategory,2014,7,Mountain Bikes,1257649.697476
Sales Performance,Sales Trend - By Subcategory,2013,12,Derailleurs,7583.524900
Sales Performance,Sales Trend - By Subcategory,2014,12,Bike Racks,2400.000000
Sales Performance,Sales Trend - By Subcategory,2012,4,Socks,1400.091950
Sales Performance,Sales Trend - By Subcategory,2014,3,Wheels,83.298100
Sales Performance,Sales Trend - By Subcategory,2012,7,Jerseys,8248.354400
Sales Performance,Sales Trend - By Subcategory,2013,2,Locks,960.000000
Sales Performance,Sales Trend - By Subcategory,2012,11,Wheels,69155.808492
Sales Performance,Sales Trend - By Subcategory,2014,4,Bike Stands,3816.000000
Sales Performance,Sales Trend - By Subcategory,2014,9,Touring Bikes,1973165.629518
Sales Performance,Sales Trend - By Subcategory,2014,1,Gloves,9985.118076
Sales Performance,Sales Trend - By Subcategory,2012,1,Mountain Bikes,1092336.884324
Sales Performance,Sales Trend - By Subcategory,2013,9,Handlebars,5881.844100
Sales Performance,Sales Trend - By Subcategory,2014,6,Bottles and Cages,5158.661792
Sales Performance,Sales Trend - By Subcategory,2014,9,Vests,40115.274100
Sales Performance,Sales Trend - By Subcategory,2014,2,Fenders,3318.980000
Sales Performance,Sales Trend - By Subcategory,2013,4,Jerseys,12193.759870
Sales Performance,Sales Trend - By Subcategory,2014,7,Derailleurs,2964.276000
Sales Performance,Sales Trend - By Subcategory,2014,10,Road Frames,713.796000
Sales Performance,Sales Trend - By Subcategory,2012,5,Road Bikes,609290.201400
Sales Performance,Sales Trend - By Subcategory,2014,6,Pedals,6524.352000
Sales Performance,Sales Trend - By Subcategory,2014,7,Tires and Tubes,21111.630000
Sales Performance,Sales Trend - By Subcategory,2013,12,Vests,29613.440900
Sales Performance,Sales Trend - By Subcategory,2012,9,Socks,836.047500
Sales Performance,Sales Trend - By Subcategory,2013,9,Mountain Frames,176103.865600
Sales Performance,Sales Trend - By Subcategory,2013,12,Hydration Packs,11396.589516
Sales Performance,Sales Trend - By Subcategory,2013,12,Bib-Shorts,116.987000
Sales Performance,Sales Trend - By Subcategory,2014,1,Jerseys,61736.062711
Sales Performance,Sales Trend - By Subcategory,2013,5,Helmets,3371.145500
Sales Performance,Sales Trend - By Subcategory,2014,2,Helmets,26093.358624
Sales Performance,Sales Trend - By Subcategory,2014,4,Caps,2738.841258
Sales Performance,Sales Trend - By Subcategory,2012,6,Mountain Bikes,467503.620000
Sales Performance,Sales Trend - By Subcategory,2011,11,Mountain Frames,9633.656000
Sales Performance,Sales Trend - By Subcategory,2014,7,Socks,1430.113018
Sales Performance,Sales Trend - By Subcategory,2012,12,Mountain Frames,243623.509200
Sales Performance,Sales Trend - By Subcategory,2013,11,Saddles,5298.986112
Sales Performance,Sales Trend - By Subcategory,2014,6,Mountain Frames,133706.646000
Sales Performance,Sales Trend - By Subcategory,2012,11,Road Frames,269761.042352
Sales Performance,Sales Trend - By Subcategory,2014,10,Tights,97.487000
Sales Performance,Sales Trend - By Subcategory,2013,7,Road Bikes,1067159.905416
Sales Performance,Sales Trend - By Subcategory,2014,4,Road Bikes,1217739.119406
Sales Performance,Sales Trend - By Subcategory,2014,6,Cranksets,10610.670000
Sales Performance,Sales Trend - By Subcategory,2014,7,Brakes,4409.100000
Sales Performance,Sales Trend - By Subcategory,2012,11,Bib-Shorts,17240.356192
Sales Performance,Sales Trend - By Subcategory,2013,6,Road Frames,41904.013500
Sales Performance,Sales Trend - By Subcategory,2013,8,Mountain Bikes,847502.602876
Sales Performance,Sales Trend - By Subcategory,2013,7,Caps,639.847936
Sales Performance,Sales Trend - By Subcategory,2014,7,Bottom Brackets,3061.548000
Sales Performance,Sales Trend - By Subcategory,2013,2,Pumps,779.610000
Sales Performance,Sales Trend - By Subcategory,2014,5,Bike Racks,11472.000000
Sales Performance,Sales Trend - By Subcategory,2014,6,Hydration Packs,5974.795476
Sales Performance,Sales Trend - By Subcategory,2014,3,Road Frames,110277.036000
Sales Performance,Sales Trend - By Subcategory,2014,5,Mountain Bikes,1042572.351268
Sales Performance,Sales Trend - By Subcategory,2014,8,Gloves,2253.080000
Sales Performance,Sales Trend - By Subcategory,2012,10,Helmets,4279.538000
Sales Performance,Sales Trend - By Subcategory,2013,1,Wheels,94644.497900
Sales Performance,Sales Trend - By Subcategory,2014,11,Bike Stands,2067.000000
Sales Performance,Sales Trend - By Subcategory,2012,11,Tights,18477.640986
Sales Performance,Sales Trend - By Subcategory,2013,4,Headsets,6241.416000
Sales Performance,Sales Trend - By Subcategory,2014,9,Fenders,4022.340000
Sales Performance,Sales Trend - By Subcategory,2012,12,Road Bikes,1986914.175993
Sales Performance,Sales Trend - By Subcategory,2014,1,Chains,1886.788992
Sales Performance,Sales Trend - By Subcategory,2013,7,Shorts,3743.376000
Sales Performance,Sales Trend - By Subcategory,2014,4,Shorts,28533.348225
Sales Performance,Sales Trend - By Subcategory,2013,1,Road Frames,290444.984858
Sales Performance,Sales Trend - By Subcategory,2013,6,Tights,9853.686000
Sales Performance,Sales Trend - By Subcategory,2014,6,Handlebars,2521.140000
Sales Performance,Sales Trend - By Subcategory,2014,11,Caps,3294.205700
Sales Performance,Sales Trend - By Subcategory,2013,6,Gloves,11230.988867
Sales Performance,Sales Trend - By Subcategory,2014,11,Shorts,30612.359181
Sales Performance,Sales Trend - By Subcategory,2013,12,Touring Bikes,1132492.625829
Sales Performance,Sales Trend - By Subcategory,2014,4,Touring Bikes,1497460.966236
Sales Performance,Sales Trend - By Subcategory,2013,7,Pumps,659.670000
Sales Performance,Sales Trend - By Subcategory,2014,3,Tights,243.717500
Sales Performance,Sales Trend - By Subcategory,2014,4,Vests,23255.738350
Sales Performance,Sales Trend - By Subcategory,2013,6,Wheels,22941.237000
Sales Performance,Sales Trend - By Subcategory,2013,5,Forks,2065.410000
Sales Performance,Sales Trend - By Subcategory,2014,2,Derailleurs,4698.532076
Sales Performance,Sales Trend - By Subcategory,2014,7,Touring Frames,54347.682000
Sales Performance,Sales Trend - By Subcategory,2013,5,Bib-Shorts,6533.274000
Sales Performance,Sales Trend - By Subcategory,2013,2,Mountain Frames,103356.716576
Sales Performance,Sales Trend - By Subcategory,2014,11,Cleaners,1889.063895
Sales Performance,Sales Trend - By Subcategory,2012,1,Caps,530.658264
Sales Performance,Sales Trend - By Subcategory,2014,1,Pedals,19728.522000
Sales Performance,Sales Trend - By Subcategory,2014,5,Saddles,1157.244000
Sales Performance,Sales Trend - By Subcategory,2014,6,Caps,2281.662000
Sales Performance,Sales Trend - By Subcategory,2014,11,Fenders,4571.840000
Sales Performance,Sales Trend - By Subcategory,2012,10,Road Frames,46666.802900
Sales Performance,Sales Trend - By Subcategory,2013,11,Bottles and Cages,756.618375
Sales Performance,Sales Trend - By Subcategory,2014,4,Mountain Bikes,1338738.674000
Sales Performance,Sales Trend - By Subcategory,2014,6,Shorts,23252.371758
Sales Performance,Sales Trend - By Subcategory,2013,11,Road Bikes,1088422.872706
Sales Performance,Sales Trend - By Subcategory,2013,11,Mountain Frames,208815.670320
Sales Performance,Sales Trend - By Subcategory,2013,11,Vests,19266.230200
Sales Performance,Sales Trend - By Subcategory,2013,9,Caps,1244.133652
Sales Performance,Sales Trend - By Subcategory,2013,12,Brakes,8417.930400
Sales Performance,Sales Trend - By Subcategory,2014,2,Touring Frames,75302.784884
Sales Performance,Sales Trend - By Subcategory,2013,6,Pumps,467.766000
Sales Performance,Sales Trend - By Subcategory,2014,9,Socks,3262.147360
Sales Performance,Sales Trend - By Subcategory,2014,7,Saddles,2125.800000
Sales Performance,Sales Trend - By Subcategory,2014,8,Hydration Packs,3519.360000
Sales Performance,Sales Trend - By Subcategory,2014,12,Bike Stands,1749.000000
Sales Performance,Sales Trend - By Subcategory,2014,3,Derailleurs,5972.070000
Sales Performance,Sales Trend - By Subcategory,2014,11,Touring Bikes,1665519.431796
Sales Performance,Sales Trend - By Subcategory,2013,2,Wheels,43782.000000
Sales Performance,Sales Trend - By Subcategory,2014,7,Cleaners,1110.236580
Sales Performance,Sales Trend - By Subcategory,2014,11,Road Frames,102948.012000
Sales Performance,Sales Trend - By Subcategory,2014,2,Bottom Brackets,3191.034000
Sales Performance,Sales Trend - By Subcategory,2012,2,Caps,710.550500
Sales Performance,Sales Trend - By Subcategory,2014,8,Vests,3175.000000
Sales Performance,Sales Trend - By Subcategory,2014,12,Jerseys,7526.540000
Sales Performance,Sales Trend - By Subcategory,2013,2,Road Frames,112326.401500
Sales Performance,Sales Trend - By Subcategory,2013,9,Shorts,8350.608000
Sales Performance,Sales Trend - By Subcategory,2014,8,Bottles and Cages,4663.450000
Sales Performance,Sales Trend - By Subcategory,2012,7,Road Bikes,1896783.735600
Sales Performance,Sales Trend - By Subcategory,2013,10,Tights,17880.045676
Sales Performance,Sales Trend - By Subcategory,2013,10,Gloves,13155.074389
Sales Performance,Sales Trend - By Subcategory,2013,5,Handlebars,1608.739500
Sales Performance,Sales Trend - By Subcategory,2013,4,Mountain Frames,161590.589300
Sales Performance,Sales Trend - By Subcategory,2014,2,Cranksets,10448.640000
Sales Performance,Sales Trend - By Subcategory,2013,7,Bib-Shorts,6533.274000
Sales Performance,Sales Trend - By Subcategory,2013,12,Saddles,10038.012000
Sales Performance,Sales Trend - By Subcategory,2014,11,Brakes,5878.800000
Sales Performance,Sales Trend - By Subcategory,2013,9,Road Frames,187222.582200
Sales Performance,Sales Trend - By Subcategory,2014,5,Pedals,3599.058000
Sales Performance,Sales Trend - By Subcategory,2014,11,Tires and Tubes,22039.508000
Sales Performance,Sales Trend - By Subcategory,2012,11,Jerseys,13762.868870
Sales Performance,Sales Trend - By Subcategory,2012,12,Locks,2511.310000
Sales Performance,Sales Trend - By Subcategory,2013,9,Locks,1515.000000
Sales Performance,Sales Trend - By Subcategory,2013,7,Headsets,5111.880000
Sales Performance,Sales Trend - By Subcategory,2014,2,Socks,1600.047392
Sales Performance,Sales Trend - By Subcategory,2014,2,Handlebars,5992.992000
Sales Performance,Sales Trend - By Subcategory,2012,7,Mountain Frames,116182.593300
Sales Performance,Sales Trend - By Subcategory,2014,1,Mountain Frames,312020.473128
Sales Performance,Sales Trend - By Subcategory,2014,4,Chains,1122.356576
Sales Performance,Sales Trend - By Subcategory,2013,6,Forks,3717.738000
Sales Performance,Sales Trend - By Subcategory,2013,5,Tights,7828.956000
Sales Performance,Sales Trend - By Subcategory,2011,11,Mountain Bikes,247664.268000
Sales Performance,Sales Trend - By Subcategory,2012,8,Mountain Bikes,514188.482000
Sales Performance,Sales Trend - By Subcategory,2014,2,Gloves,7931.948548
Sales Performance,Sales Trend - By Subcategory,2014,7,Bike Racks,12840.000000
Sales Performance,Sales Trend - By Subcategory,2012,9,Caps,633.769452
Sales Performance,Sales Trend - By Subcategory,2014,7,Cranksets,17900.490000
Sales Performance,Sales Trend - By Subcategory,2014,9,Gloves,10774.551828
Sales Performance,Sales Trend - By Subcategory,2013,2,Caps,798.721000
Sales Performance,Sales Trend - By Subcategory,2013,8,Jerseys,9276.671990
Sales Performance,Sales Trend - By Subcategory,2014,5,Jerseys,34516.687818
Sales Performance,Sales Trend - By Subcategory,2013,12,Bottom Brackets,5280.642000
Sales Performance,Sales Trend - By Subcategory,2014,9,Bottom Brackets,5928.492000
Sales Performance,Sales Trend - By Subcategory,2013,4,Locks,1200.000000
Sales Performance,Sales Trend - By Subcategory,2014,1,Hydration Packs,11419.773300
Sales Performance,Sales Trend - By Subcategory,2014,1,Bottles and Cages,4705.590392
Sales Performance,Sales Trend - By Subcategory,2013,7,Mountain Bikes,816655.511800
Sales Performance,Sales Trend - By Subcategory,2013,11,Derailleurs,4786.176000
Sales Performance,Sales Trend - By Subcategory,2014,9,Chains,1129.392000
Sales Performance,Sales Trend - By Subcategory,2014,8,Road Bikes,391068.642800
Sales Performance,Sales Trend - By Subcategory,2014,4,Fenders,3736.600000
Sales Performance,Sales Trend - By Subcategory,2013,2,Shorts,6766.872000
Sales Performance,Sales Trend - By Subcategory,2013,9,Helmets,9373.909364
Sales Performance,Sales Trend - By Subcategory,2014,6,Helmets,23590.258000
Sales Performance,Sales Trend - By Subcategory,2014,4,Brakes,9036.780600
Sales Performance,Sales Trend - By Subcategory,2014,7,Bike Stands,2862.000000
Sales Performance,Sales Trend - By Subcategory,2014,9,Cranksets,23294.814000
Sales Performance,Sales Trend - By Subcategory,2012,4,Caps,1238.203872
Sales Performance,Sales Trend - By Subcategory,2014,4,Gloves,7678.812675
Sales Performance,Sales Trend - By Subcategory,2014,6,Touring Bikes,1099947.658656
Sales Performance,Sales Trend - By Subcategory,2014,4,Tires and Tubes,21152.656000
Sales Performance,Sales Trend - By Subcategory,2014,2,Cleaners,1340.627580
Sales Performance,Sales Trend - By Subcategory,2014,6,Vests,15209.202500
Sales Performance,Sales Trend - By Subcategory,2014,10,Jerseys,15357.040000
Sales Performance,Sales Trend - By Subcategory,2012,4,Jerseys,13102.231040
Sales Performance,Sales Trend - By Subcategory,2014,3,Mountain Frames,224303.976000
Sales Performance,Sales Trend - By Subcategory,2013,12,Mountain Bikes,1355023.388689
Sales Performance,Sales Trend - By Subcategory,2014,3,Bottles and Cages,4676.562808
Sales Performance,Sales Trend - By Subcategory,2013,12,Bike Racks,25764.000000
Sales Performance,Sales Trend - By Subcategory,2013,12,Handlebars,16508.978992
Sales Performance,Sales Trend - By Subcategory,2014,9,Handlebars,13237.410000
Sales Performance,Sales Trend - By Subcategory,2014,9,Bike Racks,35588.712000
Sales Performance,Sales Trend - By Subcategory,2014,10,Hydration Packs,4124.250000
Sales Performance,Sales Trend - By Subcategory,2014,11,Chains,1020.096000
Sales Performance,Sales Trend - By Subcategory,2012,2,Road Bikes,1141346.218220
Sales Performance,Sales Trend - By Subcategory,2014,11,Helmets,34956.227652
Sales Performance,Sales Trend - By Subcategory,2014,1,Caps,3331.744344
Sales Performance,Sales Trend - By Subcategory,2014,6,Fenders,4417.980000
Sales Performance,Sales Trend - By Subcategory,2014,3,Pedals,16565.112000
Sales Performance,Sales Trend - By Subcategory,2013,2,Helmets,7421.162260
Sales Performance,Sales Trend - By Subcategory,2014,1,Shorts,38209.574852
Sales Performance,Sales Trend - By Subcategory,2014,9,Mountain Bikes,1922495.796800
Sales Performance,Sales Trend - By Subcategory,2014,9,Tires and Tubes,22999.198000
Sales Performance,Sales Trend - By Subcategory,2012,9,Jerseys,8017.351160
Sales Performance,Sales Trend - By Subcategory,2013,1,Jerseys,14728.401060
Sales Performance,Sales Trend - By Subcategory,2013,9,Bib-Shorts,17138.811476
Sales Performance,Sales Trend - By Subcategory,2012,9,Mountain Frames,99999.969900
Sales Performance,Sales Trend - By Subcategory,2013,6,Mountain Frames,108360.762800
Sales Performance,Sales Trend - By Subcategory,2013,2,Headsets,4349.678172
Sales Performance,Sales Trend - By Subcategory,2013,4,Caps,1103.852864
Sales Performance,Sales Trend - By Subcategory,2013,12,Cranksets,27766.233792
Sales Performance,Sales Trend - By Subcategory,2013,12,Tires and Tubes,4388.565632
Sales Performance,Sales Trend - By Subcategory,2013,1,Forks,10455.161624
Sales Performance,Sales Trend - By Subcategory,2013,7,Handlebars,2398.600000
Sales Performance,Sales Trend - By Subcategory,2014,4,Socks,2076.261177
Sales Performance,Sales Trend - By Subcategory,2011,11,Road Frames,21892.304400
Sales Performance,Sales Trend - By Subcategory,2012,8,Road Frames,37318.952500
Sales Performance,Sales Trend - By Subcategory,2013,4,Road Bikes,1189205.455816
Sales Performance,Sales Trend - By Subcategory,2014,1,Road Bikes,1188331.406028
Sales Performance,Sales Trend - By Subcategory,2012,3,Mountain Bikes,88024.740000
Sales Performance,Sales Trend - By Subcategory,2011,11,Socks,245.100000
Sales Performance,Sales Trend - By Subcategory,2014,3,Hydration Packs,9186.161985
Sales Performance,Sales Trend - By Subcategory,2014,2,Bike Racks,17387.184000
Sales Performance,Sales Trend - By Subcategory,2011,12,Road Bikes,364036.104800
Sales Performance,Sales Trend - By Subcategory,2014,6,Road Frames,29006.964000
Sales Performance,Sales Trend - By Subcategory,2014,11,Gloves,7539.814668
Sales Performance,Sales Trend - By Subcategory,2013,6,Jerseys,7498.504000
Sales Performance,Sales Trend - By Subcategory,2014,3,Jerseys,48318.089182
Sales Performance,Sales Trend - By Subcategory,2014,4,Bottom Brackets,7030.008000
Sales Performance,Sales Trend - By Subcategory,2012,11,Shorts,8337.290220
Sales Performance,Sales Trend - By Subcategory,2013,4,Shorts,7692.709668
Sales Performance,Sales Trend - By Subcategory,2012,9,Road Bikes,1452696.356460
Sales Performance,Sales Trend - By Subcategory,2013,4,Wheels,49066.443000
Sales Performance,Sales Trend - By Subcategory,2013,12,Touring Frames,237300.014520
Sales Performance,Sales Trend - By Subcategory,2014,1,Wheels,698.634000
Sales Performance,Sales Trend - By Subcategory,2014,9,Touring Frames,246806.370000
Sales Performance,Sales Trend - By Subcategory,2013,5,Mountain Bikes,726011.974552
Sales Performance,Sales Trend - By Subcategory,2014,2,Mountain Bikes,1003019.732000
Sales Performance,Sales Trend - By Subcategory,2014,9,Brakes,6837.300000
Sales Performance,Sales Trend - By Subcategory,2012,10,Mountain Bikes,403252.246500
Sales Performance,Sales Trend - By Subcategory,2013,2,Bib-Shorts,10659.531476
Sales Performance,Sales Trend - By Subcategory,2013,3,Tights,22795.250228
Sales Performance,Sales Trend - By Subcategory,2014,8,Caps,1618.200000
Sales Performance,Sales Trend - By Subcategory,2013,4,Road Frames,144002.825800
Sales Performance,Sales Trend - By Subcategory,2014,1,Vests,28444.101100
Sales Performance,Sales Trend - By Subcategory,2014,1,Road Frames,258149.558656
Sales Performance,Sales Trend - By Subcategory,2013,11,Shorts,16369.422177
Sales Performance,Sales Trend - By Subcategory,2014,8,Shorts,5389.230000
Sales Performance,Sales Trend - By Subcategory,2012,11,Handlebars,8670.325500
Sales Performance,Sales Trend - By Subcategory,2013,4,Pumps,1079.460000
Sales Performance,Sales Trend - By Subcategory,2012,2,Mountain Frames,103500.008700
Sales Performance,Sales Trend - By Subcategory,2013,11,Fenders,43.960000
Sales Performance,Sales Trend - By Subcategory,2012,1,Road Frames,43087.939400
Sales Performance,Sales Trend - By Subcategory,2013,11,Caps,1295.768256
Sales Performance,Sales Trend - By Subcategory,2013,3,Gloves,14712.496185
Sales Performance,Sales Trend - By Subcategory,2014,2,Saddles,2687.714936
Sales Performance,Sales Trend - By Subcategory,2012,7,Socks,1009.305650
Sales Performance,Sales Trend - By Subcategory,2013,9,Wheels,63931.779000
Sales Performance,Sales Trend - By Subcategory,2012,11,Forks,4638.636000
Sales Performance,Sales Trend - By Subcategory,2012,12,Helmets,13974.332556
Sales Performance,Sales Trend - By Subcategory,2013,8,Forks,2185.920000
Sales Performance,Sales Trend - By Subcategory,2014,5,Derailleurs,1921.290000
Sales Performance,Sales Trend - By Subcategory,2012,12,Mountain Bikes,1191170.741284
Sales Performance,Sales Trend - By Subcategory,2014,1,Mountain Bikes,1281345.120367
Sales Performance,Sales Trend - By Subcategory,2013,12,Pedals,21697.838024
Sales Performance,Sales Trend - By Subcategory,2014,3,Caps,2879.482616
Sales Performance,Sales Trend - By Subcategory,2012,7,Road Frames,35163.110400
Sales Performance,Sales Trend - By Subcategory,2013,8,Road Bikes,1114024.385379
Sales Performance,Sales Trend - By Subcategory,2012,1,Socks,785.388750
Sales Performance,Sales Trend - By Subcategory,2013,6,Shorts,3923.346000
Sales Performance,Sales Trend - By Subcategory,2013,11,Bib-Shorts,116.987000
Sales Performance,Sales Trend - By Subcategory,2014,3,Shorts,30568.713417
Sales Performance,Sales Trend - By Subcategory,2013,3,Headsets,5758.962000
Sales Performance,Sales Trend - By Subcategory,2014,4,Saddles,5991.374112
Sales Performance,Sales Trend - By Subcategory,2013,6,Caps,700.177500
Sales Performance,Sales Trend - By Subcategory,2014,11,Bottom Brackets,7378.296000
Sales Performance,Sales Trend - By Subcategory,2014,12,Vests,1968.500000
Sales Performance,Sales Trend - By Subcategory,2013,3,Pumps,1367.316000
Sales Performance,Sales Trend - By Subcategory,2014,12,Gloves,1591.850000
Sales Performance,Sales Trend - By Subcategory,2013,5,Wheels,17155.503000
Sales Performance,Sales Trend - By Subcategory,2014,5,Vests,12937.236000
Sales Performance,Sales Trend - By Subcategory,2014,6,Derailleurs,2085.972000
Sales Performance,Sales Trend - By Subcategory,2014,1,Bib-Shorts,116.987000
Sales Performance,Sales Trend - By Subcategory,2014,5,Bottles and Cages,5883.572000
Sales Performance,Sales Trend - By Subcategory,2014,10,Cleaners,699.600000
Sales Performance,Sales Trend - By Subcategory,2014,9,Saddles,7581.401088
Sales Performance,Sales Trend - By Subcategory,2013,7,Tights,9859.062783
Sales Performance,Sales Trend - By Subcategory,2013,6,Locks,735.000000
Sales Performance,Sales Trend - By Subcategory,2013,7,Gloves,7332.170673
Sales Performance,Sales Trend - By Subcategory,2012,4,Road Bikes,1954537.678208
Sales Performance,Sales Trend - By Subcategory,2013,1,Handlebars,12358.542800
Sales Performance,Sales Trend - By Subcategory,2014,5,Hydration Packs,5400.018000
Sales Performance,Sales Trend - By Subcategory,2014,11,Touring Frames,181629.600000
Sales Performance,Sales Trend - By Subcategory,2013,5,Road Frames,44494.513100
Sales Performance,Sales Trend - By Subcategory,2014,2,Road Frames,77125.034800
Sales Performance,Sales Trend - By Subcategory,2012,2,Helmets,5187.930500
Sales Performance,Sales Trend - By Subcategory,2013,11,Touring Bikes,550625.849217
Sales Performance,Sales Trend - By Subcategory,2013,12,Jerseys,58337.079890
Sales Performance,Sales Trend - By Subcategory,2014,3,Bike Stands,4134.000000
Sales Performance,Sales Trend - By Subcategory,2014,8,Touring Bikes,343276.950000
Sales Performance,Sales Trend - By Subcategory,2014,9,Jerseys,75862.040340
Sales Performance,Sales Trend - By Subcategory,2014,1,Fenders,3362.940000
Sales Performance,Sales Trend - By Subcategory,2013,9,Forks,7633.536000
Sales Performance,Sales Trend - By Subcategory,2013,11,Tires and Tubes,348.016000
Sales Performance,Sales Trend - By Subcategory,2014,9,Road Frames,173866.070800
Sales Performance,Sales Trend - By Subcategory,2014,10,Helmets,22855.468000
Sales Performance,Sales Trend - By Subcategory,2012,5,Mountain Bikes,128549.620000
Sales Performance,Sales Trend - By Subcategory,2013,4,Bib-Shorts,13299.550108
Sales Performance,Sales Trend - By Subcategory,2013,8,Handlebars,4533.394700
Sales Performance,Sales Trend - By Subcategory,2014,5,Handlebars,1340.088000
Sales Performance,Sales Trend - By Subcategory,2012,4,Mountain Frames,187019.050500
Sales Performance,Sales Trend - By Subcategory,2013,1,Mountain Frames,211336.920700
Sales Performance,Sales Trend - By Subcategory,2014,2,Pedals,9274.602000
Sales Performance,Sales Trend - By Subcategory,2014,5,Cranksets,6949.608000
Sales Performance,Sales Trend - By Subcategory,2014,7,Chains,777.216000
Sales Performance,Sales Trend - By Subcategory,2014,10,Bottles and Cages,5239.660000
Sales Performance,Sales Trend - By Subcategory,2012,8,Socks,461.945100
Sales Performance,Sales Trend - By Subcategory,2012,12,Forks,11035.716000
Sales Performance,Sales Trend - By Subcategory,2013,2,Tights,16207.168756
Sales Performance,Sales Trend - By Subcategory,2014,3,Cleaners,1611.830700
Sales Performance,Sales Trend - By Subcategory,2013,10,Headsets,5984.611632
Sales Performance,Sales Trend - By Subcategory,2012,7,Helmets,4360.284000
Sales Performance,Sales Trend - By Subcategory,2013,5,Jerseys,4787.506400
Sales Performance,Sales Trend - By Subcategory,2012,12,Shorts,8757.892108
Sales Performance,Sales Trend - By Subcategory,2013,10,Pumps,911.544000
Sales Performance,Sales Trend - By Subcategory,2014,1,Touring Bikes,1210589.862318
Sales Performance,Sales Trend - By Subcategory,2013,12,Socks,2767.154364
Sales Performance,Sales Trend - By Subcategory,2013,12,Wheels,450.907900
Sales Performance,Sales Trend - By Subcategory,2014,5,Road Bikes,1066177.628908
Sales Performance,Sales Trend - By Subcategory,2014,8,Bib-Shorts,233.974000
Sales Performance,Sales Trend - By Subcategory,2012,12,Caps,1731.046737
Sales Performance,Sales Trend - By Subcategory,2012,8,Jerseys,2941.720800
Sales Performance,Sales Trend - By Subcategory,2014,2,Jerseys,41362.735830
Sales Performance,Sales Trend - By Subcategory,2013,4,Mountain Bikes,903581.827300
Sales Performance,Sales Trend - By Subcategory,2013,11,Hydration Packs,5367.397932
Sales Performance,Sales Trend - By Subcategory,2013,12,Road Frames,287171.216400
Sales Performance,Sales Trend - By Subcategory,2014,8,Tires and Tubes,18560.040000
Sales Performance,Sales Trend - By Subcategory,2013,6,Helmets,4360.284000
Sales Performance,Sales Trend - By Subcategory,2014,3,Helmets,27354.835599
Sales Performance,Sales Trend - By Subcategory,2014,4,Bike Racks,21181.200000
Sales Performance,Sales Trend - By Subcategory,2012,12,Wheels,124399.930274
Sales Performance,Sales Trend - By Subcategory,2014,4,Touring Frames,137878.104000
Sales Performance,Sales Trend - By Subcategory,2014,11,Socks,2059.220632
Sales Performance,Sales Trend - By Subcategory,2013,10,Jerseys,9453.555060
Sales Performance,Sales Trend - By Subcategory,2014,1,Brakes,13099.500000
Sales Performance,Sales Trend - By Subcategory,2014,8,Fenders,3494.820000
Sales Performance,Sales Trend - By Subcategory,2012,11,Road Bikes,1614262.353026
Sales Performance,Sales Trend - By Subcategory,2012,11,Mountain Frames,153335.806876
Sales Performance,Sales Trend - By Subcategory,2013,8,Mountain Frames,110060.329908
Sales Performance,Sales Trend - By Subcategory,2014,1,Tires and Tubes,18931.416000
Sales Performance,Sales Trend - By Subcategory,2012,1,Jerseys,5722.530820
Sales Performance,Sales Trend - By Subcategory,2014,1,Derailleurs,12989.022000
Sales Performance,Sales Trend - By Subcategory,2012,7,Caps,790.529608
Sales Performance,Sales Trend - By Subcategory,2014,3,Vests,24100.466150
Sales Performance,Sales Trend - By Subcategory,2014,5,Cleaners,1230.660000
Sales Performance,Sales Trend - By Subcategory,2014,7,Jerseys,34590.931022
Sales Performance,Sales Trend - By Subcategory,2013,7,Road Frames,46293.143500
Sales Performance,Sales Trend - By Subcategory,2013,9,Mountain Bikes,1077264.532884
Sales Performance,Sales Trend - By Subcategory,2013,12,Tights,438.691500
Sales Performance,Sales Trend - By Subcategory,2013,12,Gloves,8460.477034
Sales Performance,Sales Trend - By Subcategory,2014,3,Road Bikes,1318888.686875
Sales Performance,Sales Trend - By Subcategory,2013,11,Helmets,9485.789000
Sales Performance,Sales Trend - By Subcategory,2014,8,Helmets,18061.838000
Sales Performance,Sales Trend - By Subcategory,2012,11,Locks,1587.620000
Sales Performance,Sales Trend - By Subcategory,2013,8,Locks,1050.000000
Sales Performance,Sales Trend - By Subcategory,2014,3,Touring Bikes,1214628.904899
Sales Performance,Sales Trend - By Subcategory,2014,6,Socks,1708.571076
Sales Performance,Sales Trend - By Subcategory,2013,4,Forks,9916.980000
Sales Performance,Sales Trend - By Subcategory,2013,10,Handlebars,6771.140112
Sales Performance,Sales Trend - By Subcategory,2014,6,Mountain Bikes,1258255.466867
Sales Performance,Sales Trend - By Subcategory,2014,3,Locks,15.000000
Sales Performance,Sales Trend - By Subcategory,2014,3,Fenders,3714.620000
Sales Performance,Sales Trend - By Subcategory,2012,6,Mountain Frames,11375.051700
Sales Performance,Sales Trend - By Subcategory,2013,3,Mountain Frames,178595.331100
Sales Performance,Sales Trend - By Subcategory,2014,6,Tires and Tubes,21447.468000
Sales Performance,Sales Trend - By Subcategory,2012,6,Jerseys,1268.977600
Sales Performance,Sales Trend - By Subcategory,2013,1,Shorts,9032.250374
Sales Performance,Sales Trend - By Subcategory,2013,6,Bib-Shorts,8477.058000
Sales Performance,Sales Trend - By Subcategory,2014,2,Chains,340.032000
Sales Performance,Sales Trend - By Subcategory,2014,7,Handlebars,2483.988000
Sales Performance,Sales Trend - By Subcategory,2013,1,Caps,1119.705897
Sales Performance,Sales Trend - By Subcategory,2013,5,Headsets,1784.681996
Sales Performance,Sales Trend - By Subcategory,2012,11,Pumps,1441.159060
Sales Performance,Sales Trend - By Subcategory,2013,8,Pumps,971.514000
Sales Performance,Sales Trend - By Subcategory,2014,1,Socks,2315.773656
Sales Performance,Sales Trend - By Subcategory,2014,7,Gloves,5027.445276
Sales Performance,Sales Trend - By Subcategory,2014,11,Bike Racks,21704.688000
Sales Performance,Sales Trend - By Subcategory,2011,11,Jerseys,2422.593600
Sales Performance,Sales Trend - By Subcategory,2014,11,Mountain Bikes,1578293.987200
Sales Performance,Sales Trend - By Subcategory,2014,10,Vests,3492.500000
Sales Performance,Sales Trend - By Subcategory,2013,1,Road Bikes,1544160.848073
Sales Performance,Sales Trend - By Subcategory,2013,7,Wheels,23089.089000
Sales Performance,Sales Trend - By Subcategory,2014,10,Road Bikes,527137.550000
Sales Performance,Sales Trend - By Subcategory,2014,12,Cleaners,333.900000
Sales Performance,Sales Trend - By Subcategory,2013,3,Jerseys,13699.190000
Sales Performance,Sales Trend - By Subcategory,2013,11,Brakes,5112.000000
Sales Performance,Sales Trend - By Subcategory,2014,11,Saddles,5416.956000
Sales Performance,Sales Trend - By Subcategory,2014,10,Shorts,5669.190000
Sales Performance,Sales Trend - By Subcategory,2013,1,Locks,2205.770000
Sales Performance,Sales Trend - By Subcategory,2013,2,Mountain Bikes,673854.353720
Sales Performance,Sales Trend - By Subcategory,2014,1,Bottom Brackets,8787.570000
Sales Performance,Sales Trend - By Subcategory,2014,5,Bike Stands,3816.000000
Sales Performance,Sales Trend - By Subcategory,2014,10,Touring Bikes,424048.230000
Sales Performance,Sales Trend - By Subcategory,2014,6,Touring Frames,82051.218000
Sales Performance,Sales Trend - By Subcategory,2014,10,Caps,1735.070000
Sales Performance,Sales Trend - By Subcategory,2013,4,Helmets,7774.072375
Sales Performance,Sales Trend - By Subcategory,2013,5,Gloves,6817.938033
Sales Performance,Sales Trend - By Subcategory,2014,1,Helmets,32921.891557
Sales Performance,Sales Trend - By Subcategory,2013,8,Shorts,6253.453584
Sales Performance,Sales Trend - By Subcategory,2014,12,Bottles and Cages,1692.490000
Sales Performance,Sales Trend - By Subcategory,2012,7,Mountain Bikes,1908089.366000
Sales Performance,Sales Trend - By Subcategory,2014,4,Road Frames,99189.750000
Sales Performance,Sales Trend - By Subcategory,2014,9,Tights,194.974000
Sales Performance,Sales Trend - By Subcategory,2013,12,Chains,1098.068576
Sales Performance,Sales Trend - By Subcategory,2013,6,Road Bikes,1594391.500624
Sales Performance,Sales Trend - By Subcategory,2014,6,Brakes,2044.800000
Sales Performance,Sales Trend - By Subcategory,2012,12,Road Frames,397298.533400
Sales Performance,Sales Trend - By Subcategory,2014,5,Mountain Frames,61012.986000
Sales Performance,Sales Trend - By Subcategory,2013,3,Handlebars,7304.939600
Sales Performance,Sales Trend - By Subcategory,2014,7,Pedals,5661.030000
Sales Performance,Sales Trend - By Subcategory,2014,5,Shorts,17931.319017
Sales Performance,Sales Trend - By Subcategory,2012,12,Bib-Shorts,26180.538728
Sales Performance,Sales Trend - By Subcategory,2012,10,Socks,575.700000
Sales Performance,Sales Trend - By Subcategory,2014,6,Bottom Brackets,2915.760000
Sales Performance,Sales Trend - By Subcategory,2012,9,Helmets,5577.839264
Sales Performance,Sales Trend - By Subcategory,2013,1,Pumps,1634.966108
Sales Performance,Sales Trend - By Subcategory,2014,10,Bike Stands,3657.000000
Sales Performance,Sales Trend - By Subcategory,2014,12,Hydration Packs,1429.740000
Sales Performance,Sales Trend - By Order Qty,2014,1,NULL,18589.000000
Sales Performance,Sales Trend - By Order Qty,2014,7,NULL,11463.000000
Sales Performance,Sales Trend - By Order Qty,2013,6,NULL,5405.000000
Sales Performance,Sales Trend - By Order Qty,2012,7,NULL,3967.000000
Sales Performance,Sales Trend - By Order Qty,2011,12,NULL,141.000000
Sales Performance,Sales Trend - By Order Qty,2014,4,NULL,14984.000000
Sales Performance,Sales Trend - By Order Qty,2014,10,NULL,5313.000000
Sales Performance,Sales Trend - By Order Qty,2013,3,NULL,8294.000000
Sales Performance,Sales Trend - By Order Qty,2012,10,NULL,2405.000000
Sales Performance,Sales Trend - By Order Qty,2013,12,NULL,16611.000000
Sales Performance,Sales Trend - By Order Qty,2014,5,NULL,9667.000000
Sales Performance,Sales Trend - By Order Qty,2012,5,NULL,230.000000
Sales Performance,Sales Trend - By Order Qty,2012,11,NULL,7723.000000
Sales Performance,Sales Trend - By Order Qty,2013,9,NULL,8250.000000
Sales Performance,Sales Trend - By Order Qty,2014,2,NULL,11548.000000
Sales Performance,Sales Trend - By Order Qty,2013,1,NULL,9142.000000
Sales Performance,Sales Trend - By Order Qty,2012,8,NULL,1442.000000
Sales Performance,Sales Trend - By Order Qty,2012,2,NULL,2904.000000
Sales Performance,Sales Trend - By Order Qty,2013,10,NULL,6449.000000
Sales Performance,Sales Trend - By Order Qty,2014,11,NULL,15884.000000
Sales Performance,Sales Trend - By Order Qty,2013,4,NULL,6549.000000
Sales Performance,Sales Trend - By Order Qty,2012,3,NULL,157.000000
Sales Performance,Sales Trend - By Order Qty,2012,9,NULL,3184.000000
Sales Performance,Sales Trend - By Order Qty,2014,8,NULL,4287.000000
Sales Performance,Sales Trend - By Order Qty,2013,7,NULL,4154.000000
Sales Performance,Sales Trend - By Order Qty,2012,6,NULL,1040.000000
Sales Performance,Sales Trend - By Order Qty,2014,3,NULL,14576.000000
Sales Performance,Sales Trend - By Order Qty,2014,9,NULL,22582.000000
Sales Performance,Sales Trend - By Order Qty,2013,2,NULL,5567.000000
Sales Performance,Sales Trend - By Order Qty,2013,8,NULL,5651.000000
Sales Performance,Sales Trend - By Order Qty,2012,1,NULL,2209.000000
Sales Performance,Sales Trend - By Order Qty,2013,11,NULL,10260.000000
Sales Performance,Sales Trend - By Order Qty,2014,6,NULL,11049.000000
Sales Performance,Sales Trend - By Order Qty,2013,5,NULL,3606.000000
Sales Performance,Sales Trend - By Order Qty,2014,12,NULL,2130.000000
Sales Performance,Sales Trend - By Order Qty,2012,4,NULL,5382.000000
Sales Performance,Sales Trend - By Order Qty,2011,11,NULL,825.000000
Sales Performance,Sales Trend - By Order Qty,2012,12,NULL,11295.000000
Sales Performance,Sales Trend - By Value,2014,1,NULL,4896353.737794
Sales Performance,Sales Trend - By Value,2014,7,NULL,4289817.950953
Sales Performance,Sales Trend - By Value,2013,6,NULL,2829404.818943
Sales Performance,Sales Trend - By Value,2012,7,NULL,3970627.278958
Sales Performance,Sales Trend - By Value,2011,12,NULL,458910.824800
Sales Performance,Sales Trend - By Value,2014,4,NULL,4795813.289802
Sales Performance,Sales Trend - By Value,2014,10,NULL,1797173.923000
Sales Performance,Sales Trend - By Value,2013,3,NULL,3454151.940485
Sales Performance,Sales Trend - By Value,2012,10,NULL,1634600.798332
Sales Performance,Sales Trend - By Value,2013,12,NULL,5081069.131596
Sales Performance,Sales Trend - By Value,2014,5,NULL,3312130.245587
Sales Performance,Sales Trend - By Value,2012,5,NULL,737839.821400
Sales Performance,Sales Trend - By Value,2012,11,NULL,3074602.813538
Sales Performance,Sales Trend - By Value,2013,9,NULL,3412068.967535
Sales Performance,Sales Trend - By Value,2014,2,NULL,3333964.067555
Sales Performance,Sales Trend - By Value,2013,1,NULL,3417953.869571
Sales Performance,Sales Trend - By Value,2012,8,NULL,1475426.909980
Sales Performance,Sales Trend - By Value,2012,2,NULL,2495816.733446
Sales Performance,Sales Trend - By Value,2013,10,NULL,2532265.912399
Sales Performance,Sales Trend - By Value,2014,11,NULL,5366674.969338
Sales Performance,Sales Trend - By Value,2013,4,NULL,2544091.105517
Sales Performance,Sales Trend - By Value,2012,3,NULL,502073.845800
Sales Performance,Sales Trend - By Value,2012,9,NULL,2975748.238428
Sales Performance,Sales Trend - By Value,2014,8,NULL,1337725.035600
Sales Performance,Sales Trend - By Value,2013,7,NULL,2087872.462504
Sales Performance,Sales Trend - By Value,2012,6,NULL,1309863.251140
Sales Performance,Sales Trend - By Value,2014,3,NULL,4532908.705303
Sales Performance,Sales Trend - By Value,2014,9,NULL,7217531.091974
Sales Performance,Sales Trend - By Value,2013,2,NULL,2175637.217725
Sales Performance,Sales Trend - By Value,2013,8,NULL,2316922.151480
Sales Performance,Sales Trend - By Value,2012,1,NULL,2044600.003338
Sales Performance,Sales Trend - By Value,2013,11,NULL,3245623.754479
Sales Performance,Sales Trend - By Value,2014,6,NULL,4075486.625601
Sales Performance,Sales Trend - By Value,2013,5,NULL,1872701.976206
Sales Performance,Sales Trend - By Value,2014,12,NULL,49005.840000
Sales Performance,Sales Trend - By Value,2012,4,NULL,4588761.816130
Sales Performance,Sales Trend - By Value,2011,11,NULL,503805.916900
Sales Performance,Sales Trend - By Value,2012,12,NULL,4099354.356751
Sales Performance,Gross Profit,2014,1,NULL,75221.492700
Sales Performance,Gross Profit,2014,7,NULL,647432.730600
Sales Performance,Gross Profit,2013,6,NULL,263119.109500
Sales Performance,Gross Profit,2012,7,NULL,373898.257700
Sales Performance,Gross Profit,2011,12,NULL,184811.107600
Sales Performance,Gross Profit,2014,4,NULL,562411.368700
Sales Performance,Gross Profit,2014,10,NULL,746296.882500
Sales Performance,Gross Profit,2013,3,NULL,299958.280800
Sales Performance,Gross Profit,2012,10,NULL,-349326.640400
Sales Performance,Gross Profit,2013,12,NULL,100728.953700
Sales Performance,Gross Profit,2014,5,NULL,681263.163600
Sales Performance,Gross Profit,2012,5,NULL,296125.021100
Sales Performance,Gross Profit,2012,11,NULL,323276.213100
Sales Performance,Gross Profit,2013,9,NULL,339487.951200
Sales Performance,Gross Profit,2014,2,NULL,434546.576400
Sales Performance,Gross Profit,2013,1,NULL,365479.143800
Sales Performance,Gross Profit,2012,8,NULL,266848.314300
Sales Performance,Gross Profit,2012,2,NULL,278082.639400
Sales Performance,Gross Profit,2013,10,NULL,330040.196300
Sales Performance,Gross Profit,2014,11,NULL,792473.558700
Sales Performance,Gross Profit,2013,4,NULL,257991.879700
Sales Performance,Gross Profit,2012,3,NULL,201534.001300
Sales Performance,Gross Profit,2012,9,NULL,371555.080800
Sales Performance,Gross Profit,2014,8,NULL,552805.035100
Sales Performance,Gross Profit,2013,7,NULL,286326.430900
Sales Performance,Gross Profit,2012,6,NULL,263008.211000
Sales Performance,Gross Profit,2014,3,NULL,456183.034800
Sales Performance,Gross Profit,2014,9,NULL,674606.972400
Sales Performance,Gross Profit,2013,2,NULL,229520.992300
Sales Performance,Gross Profit,2013,8,NULL,272023.275800
Sales Performance,Gross Profit,2012,1,NULL,272821.249500
Sales Performance,Gross Profit,2013,11,NULL,54272.784500
Sales Performance,Gross Profit,2014,6,NULL,580185.459200
Sales Performance,Gross Profit,2013,5,NULL,282296.446500
Sales Performance,Gross Profit,2014,12,NULL,27366.001500
Sales Performance,Gross Profit,2012,4,NULL,383969.055700
Sales Performance,Gross Profit,2011,11,NULL,23189.870500
Sales Performance,Gross Profit,2012,12,NULL,333401.686500
Sales Performance,Gross Margin %,2014,1,NULL,1.536276
Sales Performance,Gross Margin %,2014,7,NULL,15.092312
Sales Performance,Gross Margin %,2013,6,NULL,9.299451
Sales Performance,Gross Margin %,2012,7,NULL,9.416604
Sales Performance,Gross Margin %,2011,12,NULL,40.271682
Sales Performance,Gross Margin %,2014,4,NULL,11.727132
Sales Performance,Gross Margin %,2014,10,NULL,41.526136
Sales Performance,Gross Margin %,2013,3,NULL,8.683992
Sales Performance,Gross Margin %,2012,10,NULL,-21.370762
Sales Performance,Gross Margin %,2013,12,NULL,1.982436
Sales Performance,Gross Margin %,2014,5,NULL,20.568731
Sales Performance,Gross Margin %,2012,5,NULL,40.134052
Sales Performance,Gross Margin %,2012,11,NULL,10.514406
Sales Performance,Gross Margin %,2013,9,NULL,9.949622
Sales Performance,Gross Margin %,2014,2,NULL,13.033931
Sales Performance,Gross Margin %,2013,1,NULL,10.692922
Sales Performance,Gross Margin %,2012,8,NULL,18.086176
Sales Performance,Gross Margin %,2012,2,NULL,11.141949
Sales Performance,Gross Margin %,2013,10,NULL,13.033394
Sales Performance,Gross Margin %,2014,11,NULL,14.766565
Sales Performance,Gross Margin %,2013,4,NULL,10.140827
Sales Performance,Gross Margin %,2012,3,NULL,40.140311
Sales Performance,Gross Margin %,2012,9,NULL,12.486106
Sales Performance,Gross Margin %,2014,8,NULL,41.324265
Sales Performance,Gross Margin %,2013,7,NULL,13.713789
Sales Performance,Gross Margin %,2012,6,NULL,20.079059
Sales Performance,Gross Margin %,2014,3,NULL,10.063804
Sales Performance,Gross Margin %,2014,9,NULL,9.346783
Sales Performance,Gross Margin %,2013,2,NULL,10.549599
Sales Performance,Gross Margin %,2013,8,NULL,11.740717
Sales Performance,Gross Margin %,2012,1,NULL,13.343502
Sales Performance,Gross Margin %,2013,11,NULL,1.672183
Sales Performance,Gross Margin %,2014,6,NULL,14.235980
Sales Performance,Gross Margin %,2013,5,NULL,15.074286
Sales Performance,Gross Margin %,2014,12,NULL,55.842327
Sales Performance,Gross Margin %,2012,4,NULL,8.367596
Sales Performance,Gross Margin %,2011,11,NULL,4.602937
Sales Performance,Gross Margin %,2012,12,NULL,8.133029
Sales Performance,YoY Growth - By Category,2012,NULL,Clothing,8242.395600
Sales Performance,YoY Growth - By Category,2013,NULL,Accessories,207.351800
Sales Performance,YoY Growth - By Category,2012,NULL,Components,7648.650100
Sales Performance,YoY Growth - By Category,2012,NULL,Bikes,2723.430800
Sales Performance,YoY Growth - By Category,2014,NULL,Clothing,36.876500
Sales Performance,YoY Growth - By Category,2013,NULL,Bikes,11.227100
Sales Performance,YoY Growth - By Category,2012,NULL,Accessories,3683.125800
Sales Performance,YoY Growth - By Category,2013,NULL,Components,99.771200
Sales Performance,YoY Growth - By Category,2013,NULL,Clothing,230.504800
Sales Performance,YoY Growth - By Category,2014,NULL,Components,-8.851000
Sales Performance,YoY Growth - By Category,2014,NULL,Bikes,32.173800
Sales Performance,YoY Growth - By Category,2014,NULL,Accessories,411.790200
Sales Performance,YoY Growth - By Region,2012,NULL,Canada,3443.354900
Sales Performance,YoY Growth - By Region,2013,NULL,Northeast,62.496500
Sales Performance,YoY Growth - By Region,2012,NULL,France,1833.674700
Sales Performance,YoY Growth - By Region,2012,NULL,Central,13373.882000
Sales Performance,YoY Growth - By Region,2013,NULL,United Kingdom,180.392000
Sales Performance,YoY Growth - By Region,2014,NULL,Australia,130.398400
Sales Performance,YoY Growth - By Region,2013,NULL,Germany,112.367400
Sales Performance,YoY Growth - By Region,2012,NULL,Southeast,2215.468100
Sales Performance,YoY Growth - By Region,2012,NULL,Northwest,3162.231800
Sales Performance,YoY Growth - By Region,2014,NULL,France,55.094400
Sales Performance,YoY Growth - By Region,2014,NULL,Central,-12.176100
Sales Performance,YoY Growth - By Region,2012,NULL,Southwest,3866.293700
Sales Performance,YoY Growth - By Region,2013,NULL,Canada,16.788600
Sales Performance,YoY Growth - By Region,2013,NULL,Central,8.770300
Sales Performance,YoY Growth - By Region,2012,NULL,United Kingdom,2084.172700
Sales Performance,YoY Growth - By Region,2013,NULL,Southwest,23.782900
Sales Performance,YoY Growth - By Region,2013,NULL,Australia,-3.507500
Sales Performance,YoY Growth - By Region,2014,NULL,Canada,-0.233900
Sales Performance,YoY Growth - By Region,2013,NULL,Southeast,-24.533200
Sales Performance,YoY Growth - By Region,2014,NULL,Germany,194.592900
Sales Performance,YoY Growth - By Region,2013,NULL,Northwest,-14.182300
Sales Performance,YoY Growth - By Region,2014,NULL,Northeast,-37.731300
Sales Performance,YoY Growth - By Region,2014,NULL,United Kingdom,96.721200
Sales Performance,YoY Growth - By Region,2014,NULL,Southeast,-14.201400
Sales Performance,YoY Growth - By Region,2012,NULL,Germany,1361.172700
Sales Performance,YoY Growth - By Region,2014,NULL,Northwest,56.675800
Sales Performance,YoY Growth - By Region,2014,NULL,Southwest,7.004400
Sales Performance,YoY Growth - By Region,2012,NULL,Australia,1089.650300
Sales Performance,YoY Growth - By Region,2012,NULL,Northeast,8706.932100
Sales Performance,YoY Growth - By Region,2013,NULL,France,224.701600
Sales Performance,Pareto Ratio,NULL,NULL,Products contributing 80% of Gross Profit,13.533835
Quality Control,Scrap Cost Ratio,2014,1,NULL,0.230000
Quality Control,Scrap Cost Ratio,2014,7,NULL,0.110000
Quality Control,Scrap Cost Ratio,2013,6,NULL,0.120000
Quality Control,Scrap Cost Ratio,2012,7,NULL,0.230000
Quality Control,Scrap Cost Ratio,2011,12,NULL,0.030000
Quality Control,Scrap Cost Ratio,2014,4,NULL,0.130000
Quality Control,Scrap Cost Ratio,2014,10,NULL,0.220000
Quality Control,Scrap Cost Ratio,2013,3,NULL,0.170000
Quality Control,Scrap Cost Ratio,2012,10,NULL,0.240000
Quality Control,Scrap Cost Ratio,2013,12,NULL,0.180000
Quality Control,Scrap Cost Ratio,2014,5,NULL,0.240000
Quality Control,Scrap Cost Ratio,2012,5,NULL,0.120000
Quality Control,Scrap Cost Ratio,2012,11,NULL,0.220000
Quality Control,Scrap Cost Ratio,2013,9,NULL,0.270000
Quality Control,Scrap Cost Ratio,2014,2,NULL,0.120000
Quality Control,Scrap Cost Ratio,2013,1,NULL,0.300000
Quality Control,Scrap Cost Ratio,2012,8,NULL,0.150000
Quality Control,Scrap Cost Ratio,2012,2,NULL,0.120000
Quality Control,Scrap Cost Ratio,2013,10,NULL,0.270000
Quality Control,Scrap Cost Ratio,2014,11,NULL,0.070000
Quality Control,Scrap Cost Ratio,2013,4,NULL,0.150000
Quality Control,Scrap Cost Ratio,2012,3,NULL,0.050000
Quality Control,Scrap Cost Ratio,2012,9,NULL,0.070000
Quality Control,Scrap Cost Ratio,2014,8,NULL,0.170000
Quality Control,Scrap Cost Ratio,2013,7,NULL,0.280000
Quality Control,Scrap Cost Ratio,2012,6,NULL,0.050000
Quality Control,Scrap Cost Ratio,2014,3,NULL,0.110000
Quality Control,Scrap Cost Ratio,2014,9,NULL,0.070000
Quality Control,Scrap Cost Ratio,2013,2,NULL,0.090000
Quality Control,Scrap Cost Ratio,2013,8,NULL,0.260000
Quality Control,Scrap Cost Ratio,2012,1,NULL,0.130000
Quality Control,Scrap Cost Ratio,2013,11,NULL,0.020000
Quality Control,Scrap Cost Ratio,2014,6,NULL,0.180000
Quality Control,Scrap Cost Ratio,2013,5,NULL,0.190000
Quality Control,Scrap Cost Ratio,2014,12,NULL,0.000000
Quality Control,Scrap Cost Ratio,2012,4,NULL,0.220000
Quality Control,Scrap Cost Ratio,2012,12,NULL,0.190000
Quality Control,Defect Rate %,2014,1,NULL,0.000000
Quality Control,Defect Rate %,2014,7,NULL,0.000000
Quality Control,Defect Rate %,2013,6,NULL,0.000000
Quality Control,Defect Rate %,2012,7,NULL,0.000000
Quality Control,Defect Rate %,2011,12,NULL,0.000000
Quality Control,Defect Rate %,2014,4,NULL,0.000000
Quality Control,Defect Rate %,2014,10,NULL,0.000000
Quality Control,Defect Rate %,2013,3,NULL,0.000000
Quality Control,Defect Rate %,2012,10,NULL,0.000000
Quality Control,Defect Rate %,2013,12,NULL,0.000000
Quality Control,Defect Rate %,2014,5,NULL,0.000000
Quality Control,Defect Rate %,2012,5,NULL,0.000000
Quality Control,Defect Rate %,2012,11,NULL,0.000000
Quality Control,Defect Rate %,2013,9,NULL,0.000000
Quality Control,Defect Rate %,2014,2,NULL,0.000000
Quality Control,Defect Rate %,2013,1,NULL,0.000000
Quality Control,Defect Rate %,2012,8,NULL,0.000000
Quality Control,Defect Rate %,2012,2,NULL,0.000000
Quality Control,Defect Rate %,2013,10,NULL,0.000000
Quality Control,Defect Rate %,2014,11,NULL,0.000000
Quality Control,Defect Rate %,2013,4,NULL,0.000000
Quality Control,Defect Rate %,2012,3,NULL,0.000000
Quality Control,Defect Rate %,2012,9,NULL,0.000000
Quality Control,Defect Rate %,2014,8,NULL,0.000000
Quality Control,Defect Rate %,2013,7,NULL,0.000000
Quality Control,Defect Rate %,2012,6,NULL,0.000000
Quality Control,Defect Rate %,2014,3,NULL,0.000000
Quality Control,Defect Rate %,2014,9,NULL,0.000000
Quality Control,Defect Rate %,2013,2,NULL,0.000000
Quality Control,Defect Rate %,2013,8,NULL,0.000000
Quality Control,Defect Rate %,2012,1,NULL,0.000000
Quality Control,Defect Rate %,2013,11,NULL,0.000000
Quality Control,Defect Rate %,2014,6,NULL,0.000000
Quality Control,Defect Rate %,2013,5,NULL,0.000000
Quality Control,Defect Rate %,2014,12,NULL,0.000000
Quality Control,Defect Rate %,2012,4,NULL,0.000000
Quality Control,Defect Rate %,2012,12,NULL,0.000000
Supply Chain & Fulfillment,Order Lead Time (days),2014,1,NULL,7.000000
Supply Chain & Fulfillment,Order Lead Time (days),2014,7,NULL,7.000934
Supply Chain & Fulfillment,Order Lead Time (days),2013,6,NULL,7.000000
Supply Chain & Fulfillment,Order Lead Time (days),2012,7,NULL,7.000000
Supply Chain & Fulfillment,Order Lead Time (days),2011,12,NULL,7.000000
Supply Chain & Fulfillment,Order Lead Time (days),2014,4,NULL,7.000000
Supply Chain & Fulfillment,Order Lead Time (days),2014,10,NULL,7.000946
Supply Chain & Fulfillment,Order Lead Time (days),2013,3,NULL,7.000000
Supply Chain & Fulfillment,Order Lead Time (days),2012,10,NULL,7.000000
Supply Chain & Fulfillment,Order Lead Time (days),2013,12,NULL,7.000000
Supply Chain & Fulfillment,Order Lead Time (days),2014,5,NULL,7.000000
Supply Chain & Fulfillment,Order Lead Time (days),2012,5,NULL,7.000000
Supply Chain & Fulfillment,Order Lead Time (days),2012,11,NULL,7.000000
Supply Chain & Fulfillment,Order Lead Time (days),2013,9,NULL,7.000000
Supply Chain & Fulfillment,Order Lead Time (days),2014,2,NULL,7.000000
Supply Chain & Fulfillment,Order Lead Time (days),2013,1,NULL,7.000000
Supply Chain & Fulfillment,Order Lead Time (days),2012,8,NULL,7.000000
Supply Chain & Fulfillment,Order Lead Time (days),2012,2,NULL,7.000000
Supply Chain & Fulfillment,Order Lead Time (days),2013,10,NULL,7.000000
Supply Chain & Fulfillment,Order Lead Time (days),2014,11,NULL,7.000000
Supply Chain & Fulfillment,Order Lead Time (days),2013,4,NULL,7.000000
Supply Chain & Fulfillment,Order Lead Time (days),2012,3,NULL,7.000000
Supply Chain & Fulfillment,Order Lead Time (days),2012,9,NULL,7.000000
Supply Chain & Fulfillment,Order Lead Time (days),2014,8,NULL,7.001708
Supply Chain & Fulfillment,Order Lead Time (days),2013,7,NULL,7.000000
Supply Chain & Fulfillment,Order Lead Time (days),2012,6,NULL,7.000000
Supply Chain & Fulfillment,Order Lead Time (days),2014,3,NULL,7.000000
Supply Chain & Fulfillment,Order Lead Time (days),2014,9,NULL,7.000834
Supply Chain & Fulfillment,Order Lead Time (days),2013,2,NULL,7.000000
Supply Chain & Fulfillment,Order Lead Time (days),2013,8,NULL,7.000000
Supply Chain & Fulfillment,Order Lead Time (days),2012,1,NULL,7.000000
Supply Chain & Fulfillment,Order Lead Time (days),2013,11,NULL,7.000000
Supply Chain & Fulfillment,Order Lead Time (days),2014,6,NULL,7.000000
Supply Chain & Fulfillment,Order Lead Time (days),2013,5,NULL,7.000000
Supply Chain & Fulfillment,Order Lead Time (days),2014,12,NULL,7.000000
Supply Chain & Fulfillment,Order Lead Time (days),2012,4,NULL,7.000000
Supply Chain & Fulfillment,Order Lead Time (days),2011,11,NULL,7.000000
Supply Chain & Fulfillment,Order Lead Time (days),2012,12,NULL,7.000000
